"Name","Description__c","ObjectLabel__c","ObjectPluralLabel__c","ObjectShortcut__c","Status__c","wikilink__c","TECH_MigrationUniqueID__c"
"StepBack Test 01",,,,"SBT","Draft",,"aKNR00000004CImOAM"
"CloneTest01",,,,"C1","Approved",,"aKNR00000004CGWOA2"
"CloneTest03","Third Test",,,"C3","Approved","https://www.google.co.jp","aKNR00000004CHAOA2"
"CloneTest02",,,,"C2","Approved",,"aKNR00000004CH0OAM"
"DownloadTest02",,,,"DT2","Draft",,"aKNR00000004CHjOAM"
"DownloadTest01",,,,"DT1","Draft",,"aKNR00000004CHeOAM"
"DeleteTest 01",,,,"DLT","Draft",,"aKNR00000004CIXOA2"
"StepBack Test 02",,,,"SBT2","Draft",,"aKNR00000004CIrOAM"
"CloneTest04",,,,"CT4","Draft",,"aKNR00000004CKOOA2"
"StepBack Test 03",,,,"SBT3","Draft",,"aKNR00000004CKYOA2"
"StepBack Test 04",,,,"SBT4","Draft",,"aKNR00000004CKdOAM"