{
	"source":{
	"loginUrl":"https://test.salesforce.com",        
	"oauth":{
	"loginUrl" : "https://test.salesforce.com",    
    "clientId" : "3MVG99qusVZJwhsngoZ2VL_GF1pAQ83UKhhGTrOtMPPHIP8s9A7SZPVQZtiq6hO7asSqmTgXzKFmSvpCJ5wYb",
    "clientSecret" : "8802715781625351810",
    "redirectUri" : "https://login.salesforce.com/services/oauth2/callback"
	},
	"username":"sesa206167@bridge-fo.com.devmajbfo",
	"password":"oct@2016",	
	"useoauth":true,
	"appnames":["'My Test Opportunity'"]
},
"target":{
	"loginUrl":"https://test.salesforce.com",        
	"oauth":{
	"loginUrl" : "https://test.salesforce.com",    
    "clientId" : "3MVG99qusVZJwhsngoZ2VL_GF1pAQ83UKhhGTrOtMPPHIP8s9A7SZPVQZtiq6hO7asSqmTgXzKFmSvpCJ5wYb",
    "clientSecret" : "8802715781625351810",
    "redirectUri" : "https://login.salesforce.com/services/oauth2/callback"
	},
	"username":"sesa206167@bridge-fo.com.devminbfo",
	"password":"oct@2016",
	"recentdecider":1000,
	"useoauth":true	
}
}